Workbook

Sheet Control-Sheet
B3: 1. Cuplane-interface | O3: NR | Q3: LTE
G4: 삭제 금지 | N4: BW | O4: KHZ_15 | P4: KHZ_30 | Q4: KHZ_15
C5: name | D5: 1000 | E5: VLAN NAME | G5: <exponent>4</exponent> | K5: <!-- | N5: 5 | O5: 25 | P5: 11 | Q5: 25
C6: Base-interface | D6: sys | E6: 고정 | G6: <compression-method>BLOCK_FLOATING_POINT</compression-method> | K6: --> | N6: 10 | O6: 52 | P6: 24 | Q6: 50
C7: vlan id | D7: 1000 | N7: 15 | O7: 79 | P7: 38 | Q7: 75
C8: ORU mac-address | D8: dc:c1:01:00:05:05 | E8: nDLPU MAC | N8: 20 | O8: 106 | P8: 51 | Q8: 100
N9: 25 | O9: 216 | P9: 65
N10: 30 | O10: 270 | P10: 78
B11: 2. Processing element | N11: 40 | P11: 106
N12: 50 | P12: 133
C13: name | D13: ru-pe.0 | E13: oran player | N13: 60 | P13: 162
C14: ODU mac-address | D14: 00:11:22:33:44:55 | E14: 변경 가능 고정 사용 | N14: 80 | P14: 217
N15: 90 | P15: 245
N16: 100 | P16: 273
R17: 0.509
R18: Tc = 1 / (480kHz · 4096) = 0.509 ns
B19: 3. PDSCH | R19: TC =~ 0.5 ns = 1/1.96608GHz | W19: <exponent>4<exponent>
R20: 10000
C21: end-point | G21: link | K21: array-carrier | R21: 100 | S21: 6.81
C22: name | D22: scs | E22: number-of-prb | F22: eaxc-id | G22: name | H22: processing-element | I22: rx-array-carrier | J22: low-level-rx-endpoint | K22: name | L22: iq-bitwidth | M22: compression | N22: Center-FREQ | O22: Channel-BW | P22: type | Q22: gain | R22: T-da-offset
A23: ON | B23: C0 | C23: llte_0_0_0_1_0_0 | D23: KHZ_15 | E23: 106 | F23: 2 | G23: llte_0_0_0_1_0_0 | H23: ru-pe.0 | I23: tac_0_0_0_1 | J23: llte_0_0_0_1_0_0 | K23: tac_0_0_0_1 | L23: 16 | M23: no comp | N23: 3415 | O23: 10 | P23: NR | Q23: 7 | T23: 6.8 | V23: =DEC2HEX(F23) -> 2 | W23: 7
A24: ON | B24: C1 | C24: llte_0_0_1_1_0_0 | D24: KHZ_15 | E24: 106 | F24: 3 | G24: llte_0_0_1_1_0_0 | H24: ru-pe.0 | I24: tac_0_0_1_1 | J24: llte_0_0_1_1_0_0 | K24: tac_0_0_1_1 | L24: 16 | M24: no comp | N24: 3445 | O24: 10 | P24: NR | Q24: 7 | T24: 4.2 | V24: =DEC2HEX(F24) -> 3 | W24: =W23 -> 7
A25: ON | B25: C2 | C25: llte_0_0_0_2_0_0 | D25: KHZ_15 | E25: 106 | F25: 4 | G25: llte_0_0_0_2_0_0 | H25: ru-pe.0 | I25: tac_0_0_0_2 | J25: llte_0_0_0_2_0_0 | K25: tac_0_0_0_2 | L25: 16 | M25: no comp | N25: 3415 | O25: 10 | P25: NR | Q25: 7 | V25: =DEC2HEX(F25) -> 4 | W25: =W24 -> 7
A26: ON | B26: C3 | C26: llte_0_0_1_2_0_0 | D26: KHZ_15 | E26: 106 | F26: 5 | G26: llte_0_0_1_2_0_0 | H26: ru-pe.0 | I26: tac_0_0_1_2 | J26: llte_0_0_1_2_0_0 | K26: tac_0_0_1_2 | L26: 16 | M26: no comp | N26: 3445 | O26: 10 | P26: NR | Q26: 7 | V26: =DEC2HEX(F26) -> 5 | W26: =W25 -> 7
A27: ON | B27: C4 | C27: llte_0_0_0_3_0_0 | D27: KHZ_15 | E27: 106 | F27: 6 | G27: llte_0_0_0_3_0_0 | H27: ru-pe.0 | I27: tac_0_0_0_3 | J27: llte_0_0_0_3_0_0 | K27: tac_0_0_0_3 | L27: 16 | M27: no comp | N27: 3415 | O27: 10 | P27: NR | Q27: 7 | V27: =DEC2HEX(F27) -> 6 | W27: =W26 -> 7 | AH27: UL Center
A28: ON | B28: C5 | C28: llte_0_0_1_3_0_0 | D28: KHZ_15 | E28: 106 | F28: 7 | G28: llte_0_0_1_3_0_0 | H28: ru-pe.0 | I28: tac_0_0_1_3 | J28: llte_0_0_1_3_0_0 | K28: tac_0_0_1_3 | L28: 16 | M28: no comp | N28: 3445 | O28: 10 | P28: NR | Q28: 7 | V28: =DEC2HEX(F28) -> 7 | W28: =W27 -> 7 | AH28: 3900
A29: ON | B29: C6 | C29: llte_0_0_0_4_0_0 | D29: KHZ_15 | E29: 106 | F29: 8 | G29: llte_0_0_0_4_0_0 | H29: ru-pe.0 | I29: tac_0_0_0_4 | J29: llte_0_0_0_4_0_0 | K29: tac_0_0_0_4 | L29: 16 | M29: no comp | N29: 3415 | O29: 10 | P29: NR | Q29: 7 | V29: =DEC2HEX(F29) -> 8 | W29: =W28 -> 7
A30: ON | B30: C7 | C30: llte_0_0_1_4_0_0 | D30: KHZ_15 | E30: 106 | F30: 9 | G30: llte_0_0_1_4_0_0 | H30: ru-pe.0 | I30: tac_0_0_1_4 | J30: llte_0_0_1_4_0_0 | K30: tac_0_0_1_4 | L30: 16 | M30: no comp | N30: 3445 | O30: 10 | P30: NR | Q30: 7 | V30: =DEC2HEX(F30) -> 9 | W30: =W29 -> 7
C31: 고정 | F31: dec (oran은 hex로) | G31: 가능하나 고정 | H31: 가능하나 고정 | I31: 가능하나 고정 | J31: =C31 -> 고정 | K31: 가능하나 고정
B32: 4. PUSCH | S32: TC =~ 0.5 ns = 1/1.96608GHz
R33: =R36*R17 -> 13030.4 | S33: =S34*1000 -> 100000 | V33: =R34 -> 13.0304 | W33: =V33/1000 -> 0.0130304 | X33: 10 | Y33: =X33-W33 -> 9.9869696
C34: end-point | H34: link | N34: array-carrier | R34: =R33/1000 -> 13.0304 | S34: 100 | T34: 1.89 | U34: 4.09 | V34: =S34+R34 -> 113.0304 | W34: =V34/1000 -> 0.1130304 | X34: 10 | Y34: =X34-W34 -> 9.8869696
C35: name | D35: scs | E35: number-of-prb | F35: ul-fft-sampling-offset | G35: eaxc-id | H35: name | I35: processing-element | J35: rx-array-carrier | K35: low-level-rx-endpoint | L35: iq-bitwidth | M35: compression | N35: name | O35: Center-FREQ | P35: Channel-BW | Q35: type | R35: n-ta-offset | S35: T-au-offset | T35: Gain-Correction
B36: C0 | C36: llre_0_0_0_1_0_0 | D36: KHZ_15 | E36: 106 | F36: 0 | G36: 18 | H36: llre_0_0_0_1_0_0 | I36: ru-pe.0 | J36: rac_0_0_0_1 | K36: llre_0_0_0_1_0_0 | L36: 16 | M36: no comp | N36: rac_0_0_0_1 | O36: 3415 | P36: 10 | Q36: NR | R36: 25600 | T36: 0
B37: C1 | C37: llre_0_0_1_1_0_0 | D37: KHZ_15 | E37: 106 | F37: 0 | G37: 19 | H37: llre_0_0_1_1_0_0 | I37: ru-pe.0 | J37: rac_0_0_1_1 | K37: llre_0_0_1_1_0_0 | L37: 16 | M37: no comp | N37: rac_0_0_1_1 | O37: 3445 | P37: 10 | Q37: NR | R37: 25600 | T37: 0
B38: C2 | C38: llre_0_0_0_2_0_0 | D38: KHZ_15 | E38: 106 | F38: 0 | G38: 20 | H38: llre_0_0_0_2_0_0 | I38: ru-pe.0 | J38: rac_0_0_0_2 | K38: llre_0_0_0_2_0_0 | L38: 16 | M38: no comp | N38: rac_0_0_0_2 | O38: 3415 | P38: 10 | Q38: NR | R38: 25600 | T38: 0
B39: C3 | C39: llre_0_0_1_2_0_0 | D39: KHZ_15 | E39: 106 | F39: 0 | G39: 21 | H39: llre_0_0_1_2_0_0 | I39: ru-pe.0 | J39: rac_0_0_1_2 | K39: llre_0_0_1_2_0_0 | L39: 16 | M39: no comp | N39: rac_0_0_1_2 | O39: 3445 | P39: 10 | Q39: NR | R39: 25600 | T39: 0
B40: C4 | C40: llre_0_0_0_3_0_0 | D40: KHZ_15 | E40: 106 | F40: 0 | G40: 22 | H40: llre_0_0_0_3_0_0 | I40: ru-pe.0 | J40: rac_0_0_0_3 | K40: llre_0_0_0_3_0_0 | L40: 16 | M40: no comp | N40: rac_0_0_0_3 | O40: 3415 | P40: 10 | Q40: NR | R40: 25600 | T40: 0
B41: C5 | C41: llre_0_0_1_3_0_0 | D41: KHZ_15 | E41: 106 | F41: 0 | G41: 23 | H41: llre_0_0_1_3_0_0 | I41: ru-pe.0 | J41: rac_0_0_1_3 | K41: llre_0_0_1_3_0_0 | L41: 16 | M41: no comp | N41: rac_0_0_1_3 | O41: 3445 | P41: 10 | Q41: NR | R41: 25600 | T41: 0
B42: C6 | C42: llre_0_0_0_4_0_0 | D42: KHZ_15 | E42: 106 | F42: 0 | G42: 24 | H42: llre_0_0_0_4_0_0 | I42: ru-pe.0 | J42: rac_0_0_0_4 | K42: llre_0_0_0_4_0_0 | L42: 16 | M42: no comp | N42: rac_0_0_0_4 | O42: 3415 | P42: 10 | Q42: NR | R42: 25600 | T42: 0
B43: C7 | C43: llre_0_0_1_4_0_0 | D43: KHZ_15 | E43: 106 | F43: 0 | G43: 25 | H43: llre_0_0_1_4_0_0 | I43: ru-pe.0 | J43: rac_0_0_1_4 | K43: llre_0_0_1_4_0_0 | L43: 16 | M43: no comp | N43: rac_0_0_1_4 | O43: 3445 | P43: 10 | Q43: NR | R43: 25600 | T43: 0
C44: 고정 | H44: 가능하나 고정 | I44: 가능하나 고정 | J44: 가능하나 고정 | K44: =C44 -> 고정 | N44: 가능하나 고정
B45: 5. PRACH
C47: end-point | H47: link
C48: name | D48: scs | E48: number-of-prb | F48: ul-fft-sampling-offset | G48: eaxc-id | H48: name | I48: processing-element | J48: rx-array-carrier | K48: low-level-rx-endpoint | L48: iq-bitwidth | M48: compression
B49: C0 | C49: llre_0_0_0_1_1_0 | D49: KHZ_15 | F49: 0 | G49: 34 | H49: llre_0_0_0_1_1_0 | I49: ru-pe.0 | J49: rac_0_0_0_1 | K49: llre_0_0_0_1_1_0 | L49: 16 | M49: no comp | O49: =DEC2HEX(G49) -> 22
B50: C1 | C50: llre_0_0_1_1_1_0 | D50: KHZ_15 | F50: 0 | G50: 35 | H50: llre_0_0_1_1_1_0 | I50: ru-pe.0 | J50: rac_0_0_1_1 | K50: llre_0_0_1_1_1_0 | L50: 16 | M50: no comp | O50: =DEC2HEX(G50) -> 23
B51: C2 | C51: llre_0_0_0_2_1_0 | D51: KHZ_15 | F51: 0 | G51: 36 | H51: llre_0_0_0_2_1_0 | I51: ru-pe.0 | J51: rac_0_0_0_2 | K51: llre_0_0_0_2_1_0 | L51: 16 | M51: no comp | O51: =DEC2HEX(G51) -> 24
B52: C3 | C52: llre_0_0_1_2_1_0 | D52: KHZ_15 | F52: 0 | G52: 37 | H52: llre_0_0_1_2_1_0 | I52: ru-pe.0 | J52: rac_0_0_1_2 | K52: llre_0_0_1_2_1_0 | L52: 16 | M52: no comp | O52: =DEC2HEX(G52) -> 25
B53: C4 | C53: llre_0_0_0_3_1_0 | D53: KHZ_15 | F53: 0 | G53: 38 | H53: llre_0_0_0_3_1_0 | I53: ru-pe.0 | J53: rac_0_0_0_3 | K53: llre_0_0_0_3_1_0 | L53: 16 | M53: no comp | O53: =DEC2HEX(G53) -> 26
B54: C5 | C54: llre_0_0_1_3_1_0 | D54: KHZ_15 | F54: 0 | G54: 39 | H54: llre_0_0_1_3_1_0 | I54: ru-pe.0 | J54: rac_0_0_1_3 | K54: llre_0_0_1_3_1_0 | L54: 16 | M54: no comp | O54: =DEC2HEX(G54) -> 27
B55: C6 | C55: llre_0_0_0_4_1_0 | D55: KHZ_15 | F55: 0 | G55: 40 | H55: llre_0_0_0_4_1_0 | I55: ru-pe.0 | J55: rac_0_0_0_4 | K55: llre_0_0_0_4_1_0 | L55: 16 | M55: no comp | O55: =DEC2HEX(G55) -> 28
B56: C7 | C56: llre_0_0_1_4_1_0 | D56: KHZ_15 | F56: 0 | G56: 41 | H56: llre_0_0_1_4_1_0 | I56: ru-pe.0 | J56: rac_0_0_1_4 | K56: llre_0_0_1_4_1_0 | L56: 16 | M56: no comp | O56: =DEC2HEX(G56) -> 29
C57: 고정 | H57: 가능하나 고정 | I57: 가능하나 고정 | J57: 가능하나 고정 | K57: =C57 -> 고정 | O57: 가능하나 고정

Sheet CUplane-interface
A1: <rpc xmlns="urn:ietf:params:xml:ns:netconf:base:1.0" message-id="1">
A2: <edit-config>
A3: <target>
A4: <running/>
A5: </target>
A6: <default-operation>merge</default-operation>
A7: <config>
A8: <interfaces xmlns="urn:ietf:params:xml:ns:yang:ietf-interfaces">
A9: <interface>
A10: =" <name>"&'Control-Sheet'!D5&"</name>" -> <name>1000</name>
A11: <type xmlns:ianaift="urn:ietf:params:xml:ns:yang:iana-if-type">ianaift:l2vlan</type>
A12: =" <base-interface xmlns="&CHAR(34)&"urn:o-ran:interfaces:1.0"&CHAR(34)&">"&'Control-Sheet'!D6&"</base-interface>" -> <base-interface xmlns="urn:o-ran:interfaces:1.0">sys</base-interface>
A13: =" <vlan-id xmlns="&CHAR(34)&"urn:o-ran:interfaces:1.0"&CHAR(34)&">"&'Control-Sheet'!D7&"</vlan-id>" -> <vlan-id xmlns="urn:o-ran:interfaces:1.0">1000</vlan-id>
A14: =" <mac-address xmlns="&CHAR(34)&"urn:o-ran:interfaces:1.0"&CHAR(34)&">"&'Control-Sheet'!D8&"</mac-address>" -> <mac-address xmlns="urn:o-ran:interfaces:1.0">dc:c1:01:00:05:05</mac-address>
A15: <port-reference xmlns="urn:o-ran:interfaces:1.0">
A16: <port-number>0</port-number>
A17: </port-reference>
A18: </interface>
A19: </interfaces>
A20: </config>
A21: </edit-config>
A22: </rpc>

Sheet Processing-element
A1: <?xml version="1.0" encoding="UTF-8"?>
A2: <rpc xmlns="urn:ietf:params:xml:ns:netconf:base:1.0" message-id="1">
A3: <edit-config>
A4: <target>
A5: <running/>
A6: </target>
A7: <default-operation>merge</default-operation>
A8: <config>
A9: <processing-elements xmlns="urn:o-ran:processing-element:1.0">
A10: <transport-session-type>ETH-INTERFACE</transport-session-type>
A11: <ru-elements>
A12: =" <name>"&'Control-Sheet'!D13&"</name>" -> <name>ru-pe.0</name>
A13: <transport-flow>
A14: =" <interface-name>"&'Control-Sheet'!D5&"</interface-name>" -> <interface-name>1000</interface-name>
A15: <eth-flow>
A16: =" <ru-mac-address>"&'Control-Sheet'!D8&"</ru-mac-address>" -> <ru-mac-address>dc:c1:01:00:05:05</ru-mac-address>
A17: =" <vlan-id>"&'Control-Sheet'!D7&"</vlan-id>" -> <vlan-id>1000</vlan-id>
A18: =" <o-du-mac-address>"&'Control-Sheet'!D14&"</o-du-mac-address>" -> <o-du-mac-address>00:11:22:33:44:55</o-du-mac-address>
A19: </eth-flow>
A20: </transport-flow>
A21: </ru-elements>
A22: </processing-elements>
A23: </config>
A24: </edit-config>
A25: </rpc>

Sheet PDSCH
A1: <?xml version="1.0" encoding="UTF-8"?>
A2: <rpc xmlns="urn:ietf:params:xml:ns:netconf:base:1.0" message-id="1">
A3: <edit-config>
A4: <target>
A5: <running/>
A6: </target>
A7: <default-operation>merge</default-operation>
A8: <config>
A9: <user-plane-configuration xmlns="urn:o-ran:uplane-conf:1.0">
A11: =_xlfn.IFS('Control-Sheet'!$A$23="OFF", 'Control-Sheet'!$K$5, TRUE, "")
A12: <low-level-tx-endpoints>
A13: =" <name>"&'Control-Sheet'!$C23&"</name>" -> <name>llte_0_0_0_1_0_0</name>
A14: <compression>
A15: <compression-type>STATIC</compression-type>
A16: =_xlfn.IFS('Control-Sheet'!M23="exponent", 'Control-Sheet'!$G$5, 'Control-Sheet'!M23="BFP", 'Control-Sheet'!$G$6, TRUE, "")
A17: =" <iq-bitwidth>"&'Control-Sheet'!L23&"</iq-bitwidth>" -> <iq-bitwidth>16</iq-bitwidth>
A18: </compression>
A19: <frame-structure>160</frame-structure>
A20: <cp-type>NORMAL</cp-type>
A21: <cp-length>160</cp-length>
A22: <cp-length-other>144</cp-length-other>
A23: <offset-to-absolute-frequency-center>0</offset-to-absolute-frequency-center>
A24: <number-of-prb-per-scs>
A25: =" <scs>"&'Control-Sheet'!$D23&"</scs>" -> <scs>KHZ_15</scs>
A26: =" <number-of-prb>"&'Control-Sheet'!$E23&"</number-of-prb>" -> <number-of-prb>106</number-of-prb>
A27: </number-of-prb-per-scs>
A28: <e-axcid>
A29: <o-du-port-bitmask>49152</o-du-port-bitmask>
A30: <band-sector-bitmask>12288</band-sector-bitmask>
A31: <ccid-bitmask>3840</ccid-bitmask>
A32: <ru-port-bitmask>255</ru-port-bitmask>
A33: =" <eaxc-id>"&'Control-Sheet'!$F23&"</eaxc-id>" -> <eaxc-id>2</eaxc-id>
A34: </e-axcid>
A35: </low-level-tx-endpoints>
A36: <tx-array-carriers>
A37: =" <name>"&'Control-Sheet'!$K23&"</name>" -> <name>tac_0_0_0_1</name>
A38: <absolute-frequency-center>0</absolute-frequency-center>
A39: =" <center-of-channel-bandwidth>"&'Control-Sheet'!$N23*10^6&"</center-of-channel-bandwidth>" -> <center-of-channel-bandwidth>3415000000</center-of-channel-bandwidth>
A40: =" <channel-bandwidth>"&'Control-Sheet'!$O23*10^6&"</channel-bandwidth>" -> <channel-bandwidth>10000000</channel-bandwidth>
A41: <active>INACTIVE</active>
A42: =" <type>"&'Control-Sheet'!$P23&"</type>" -> <type>NR</type>
A43: <downlink-radio-frame-offset>0</downlink-radio-frame-offset>
A44: <downlink-sfn-offset>0</downlink-sfn-offset>
A45: =" <gain>"&'Control-Sheet'!$Q23&"</gain>" -> <gain>7</gain>
A46: =IF('Control-Sheet'!R23="", "", " <t-da-offset>" & 'Control-Sheet'!R23 & "</t-da-offset>")
A47: </tx-array-carriers>
A48: <low-level-tx-links>
A49: =" <name>"&'Control-Sheet'!$G23&"</name>" -> <name>llte_0_0_0_1_0_0</name>
A50: =" <processing-element>"&'Control-Sheet'!$H23&"</processing-element>" -> <processing-element>ru-pe.0</processing-element>
A51: =" <tx-array-carrier>"&'Control-Sheet'!$I23&"</tx-array-carrier>" -> <tx-array-carrier>tac_0_0_0_1</tx-array-carrier>
A52: =" <low-level-tx-endpoint>"&'Control-Sheet'!$J23&"</low-level-tx-endpoint>" -> <low-level-tx-endpoint>llte_0_0_0_1_0_0</low-level-tx-endpoint>
A53: </low-level-tx-links>
A54: =_xlfn.IFS('Control-Sheet'!$A$23="OFF", 'Control-Sheet'!$K$6, TRUE, "")
A55: =_xlfn.IFS('Control-Sheet'!$A$24="OFF", 'Control-Sheet'!$K$5, TRUE, "")
A56: <low-level-tx-endpoints>
A57: =" <name>"&'Control-Sheet'!$C24&"</name>" -> <name>llte_0_0_1_1_0_0</name>
A58: <compression>
A59: <compression-type>STATIC</compression-type>
A60: =_xlfn.IFS('Control-Sheet'!M24="exponent", 'Control-Sheet'!$G$5, 'Control-Sheet'!M24="BFP", 'Control-Sheet'!$G$6, TRUE, "")
A61: =" <iq-bitwidth>"&'Control-Sheet'!L24&"</iq-bitwidth>" -> <iq-bitwidth>16</iq-bitwidth>
A62: </compression>
A63: <frame-structure>160</frame-structure>
A64: <cp-type>NORMAL</cp-type>
A65: <cp-length>160</cp-length>
A66: <cp-length-other>144</cp-length-other>
A67: <offset-to-absolute-frequency-center>0</offset-to-absolute-frequency-center>
A68: <number-of-prb-per-scs>
A69: =" <scs>"&'Control-Sheet'!$D24&"</scs>" -> <scs>KHZ_15</scs>
A70: =" <number-of-prb>"&'Control-Sheet'!$E24&"</number-of-prb>" -> <number-of-prb>106</number-of-prb>
A71: </number-of-prb-per-scs>
A72: <e-axcid>
A73: <o-du-port-bitmask>49152</o-du-port-bitmask>
A74: <band-sector-bitmask>12288</band-sector-bitmask>
A75: <ccid-bitmask>3840</ccid-bitmask>
A76: <ru-port-bitmask>255</ru-port-bitmask>
A77: =" <eaxc-id>"&'Control-Sheet'!$F24&"</eaxc-id>" -> <eaxc-id>3</eaxc-id>
A78: </e-axcid>
A79: </low-level-tx-endpoints>
A80: <tx-array-carriers>
A81: =" <name>"&'Control-Sheet'!$K24&"</name>" -> <name>tac_0_0_1_1</name>
A82: <absolute-frequency-center>0</absolute-frequency-center>
A83: =" <center-of-channel-bandwidth>"&'Control-Sheet'!$N24*10^6&"</center-of-channel-bandwidth>" -> <center-of-channel-bandwidth>3445000000</center-of-channel-bandwidth>
A84: =" <channel-bandwidth>"&'Control-Sheet'!$O24*10^6&"</channel-bandwidth>" -> <channel-bandwidth>10000000</channel-bandwidth>
A85: <active>INACTIVE</active>
A86: =" <type>"&'Control-Sheet'!$P24&"</type>" -> <type>NR</type>
A87: <downlink-radio-frame-offset>0</downlink-radio-frame-offset>
A88: <downlink-sfn-offset>0</downlink-sfn-offset>
A89: =" <gain>"&'Control-Sheet'!$Q24&"</gain>" -> <gain>7</gain>
A90: =IF('Control-Sheet'!R24="", "", " <t-da-offset>" & 'Control-Sheet'!R24 & "</t-da-offset>")
A91: </tx-array-carriers>
A92: <low-level-tx-links>
A93: =" <name>"&'Control-Sheet'!$G24&"</name>" -> <name>llte_0_0_1_1_0_0</name>
A94: =" <processing-element>"&'Control-Sheet'!$H24&"</processing-element>" -> <processing-element>ru-pe.0</processing-element>
A95: =" <tx-array-carrier>"&'Control-Sheet'!$I24&"</tx-array-carrier>" -> <tx-array-carrier>tac_0_0_1_1</tx-array-carrier>
A96: =" <low-level-tx-endpoint>"&'Control-Sheet'!$J24&"</low-level-tx-endpoint>" -> <low-level-tx-endpoint>llte_0_0_1_1_0_0</low-level-tx-endpoint>
A97: </low-level-tx-links>
A98: =_xlfn.IFS('Control-Sheet'!$A$24="OFF", 'Control-Sheet'!$K$6, TRUE, "")
A99: =_xlfn.IFS('Control-Sheet'!$A$25="OFF", 'Control-Sheet'!$K$5, TRUE, "")
A100: <low-level-tx-endpoints>
A101: =" <name>"&'Control-Sheet'!$C25&"</name>" -> <name>llte_0_0_0_2_0_0</name>
...

Sheet PUSCH
A1: <?xml version="1.0" encoding="UTF-8"?>
A2: <rpc xmlns="urn:ietf:params:xml:ns:netconf:base:1.0" message-id="2">
A3: <edit-config>
A4: <target>
A5: <running/>
A6: </target>
A7: <default-operation>merge</default-operation>
A8: <config>
A9: <user-plane-configuration xmlns="urn:o-ran:uplane-conf:1.0">
A11: =_xlfn.IFS('Control-Sheet'!$A$23="OFF", 'Control-Sheet'!$K$5, TRUE, "")
A12: <low-level-rx-endpoints>
A13: =" <name>"&'Control-Sheet'!$C36&"</name>" -> <name>llre_0_0_0_1_0_0</name>
A14: <compression>
A15: <compression-type>STATIC</compression-type>
A16: =_xlfn.IFS('Control-Sheet'!M36="exponent", 'Control-Sheet'!$G$5, 'Control-Sheet'!M36="BFP", 'Control-Sheet'!$G$6, TRUE, "")
A17: =" <iq-bitwidth>"&'Control-Sheet'!L36&"</iq-bitwidth>" -> <iq-bitwidth>16</iq-bitwidth>
A18: </compression>
A19: <frame-structure>160</frame-structure>
A20: <cp-type>NORMAL</cp-type>
A21: <cp-length>160</cp-length>
A22: <cp-length-other>144</cp-length-other>
A23: <offset-to-absolute-frequency-center>0</offset-to-absolute-frequency-center>
A24: <number-of-prb-per-scs>
A25: =" <scs>"&'Control-Sheet'!$D36&"</scs>" -> <scs>KHZ_15</scs>
A26: =" <number-of-prb>"&'Control-Sheet'!$E36&"</number-of-prb>" -> <number-of-prb>106</number-of-prb>
A27: </number-of-prb-per-scs>
A28: <ul-fft-sampling-offsets>
A29: =" <scs>"&'Control-Sheet'!$D36&"</scs>" -> <scs>KHZ_15</scs>
A30: =" <ul-fft-sampling-offset>"&'Control-Sheet'!$F36&"</ul-fft-sampling-offset>" -> <ul-fft-sampling-offset>0</ul-fft-sampling-offset>
A31: </ul-fft-sampling-offsets>
A32: <e-axcid>
A33: <o-du-port-bitmask>49152</o-du-port-bitmask>
A34: <band-sector-bitmask>12288</band-sector-bitmask>
A35: <ccid-bitmask>3840</ccid-bitmask>
A36: <ru-port-bitmask>255</ru-port-bitmask>
A37: =" <eaxc-id>"&'Control-Sheet'!$G36&"</eaxc-id>" -> <eaxc-id>18</eaxc-id>
A38: </e-axcid>
A39: </low-level-rx-endpoints>
A40: <rx-array-carriers>
A41: =" <name>"&'Control-Sheet'!$N36&"</name>" -> <name>rac_0_0_0_1</name>
A42: <absolute-frequency-center>0</absolute-frequency-center>
A43: =" <center-of-channel-bandwidth>"&'Control-Sheet'!$O36*10^6&"</center-of-channel-bandwidth>" -> <center-of-channel-bandwidth>3415000000</center-of-channel-bandwidth>
A44: =" <channel-bandwidth>"&'Control-Sheet'!$P36*10^6&"</channel-bandwidth>" -> <channel-bandwidth>10000000</channel-bandwidth>
A45: <active>INACTIVE</active>
A46: =" <type>"&'Control-Sheet'!$Q36&"</type>" -> <type>NR</type>
A47: =" <n-ta-offset>"&'Control-Sheet'!$R36&"</n-ta-offset>" -> <n-ta-offset>25600</n-ta-offset>
A48: =IF('Control-Sheet'!S36="", "", " <t-au-offset>" & 'Control-Sheet'!S36 & "</t-au-offset>")
A49: <gain-correction>0</gain-correction>
A50: <downlink-radio-frame-offset>0</downlink-radio-frame-offset>
A51: <downlink-sfn-offset>0</downlink-sfn-offset>
A52: </rx-array-carriers>
A53: <low-level-rx-links>
A54: =" <name>"&'Control-Sheet'!$H36&"</name>" -> <name>llre_0_0_0_1_0_0</name>
A55: =" <processing-element>"&'Control-Sheet'!$I36&"</processing-element>" -> <processing-element>ru-pe.0</processing-element>
A56: =" <rx-array-carrier>"&'Control-Sheet'!$J36&"</rx-array-carrier>" -> <rx-array-carrier>rac_0_0_0_1</rx-array-carrier>
A57: =" <low-level-rx-endpoint>"&'Control-Sheet'!$K36&"</low-level-rx-endpoint>" -> <low-level-rx-endpoint>llre_0_0_0_1_0_0</low-level-rx-endpoint>
A58: </low-level-rx-links>
A59: =_xlfn.IFS('Control-Sheet'!$A$23="OFF", 'Control-Sheet'!$K$6, TRUE, "")
A60: =_xlfn.IFS('Control-Sheet'!$A$24="OFF", 'Control-Sheet'!$K$5, TRUE, "")
A61: <low-level-rx-endpoints>
A62: =" <name>"&'Control-Sheet'!$C37&"</name>" -> <name>llre_0_0_1_1_0_0</name>
A63: <compression>
A64: <compression-type>STATIC</compression-type>
A65: =_xlfn.IFS('Control-Sheet'!M37="exponent", 'Control-Sheet'!$G$5, 'Control-Sheet'!M37="BFP", 'Control-Sheet'!$G$6, TRUE, "")
A66: =" <iq-bitwidth>"&'Control-Sheet'!L37&"</iq-bitwidth>" -> <iq-bitwidth>16</iq-bitwidth>
A67: </compression>
A68: <frame-structure>160</frame-structure>
A69: <cp-type>NORMAL</cp-type>
A70: <cp-length>160</cp-length>
A71: <cp-length-other>144</cp-length-other>
A72: <offset-to-absolute-frequency-center>0</offset-to-absolute-frequency-center>
A73: <number-of-prb-per-scs>
A74: =" <scs>"&'Control-Sheet'!$D37&"</scs>" -> <scs>KHZ_15</scs>
A75: =" <number-of-prb>"&'Control-Sheet'!$E37&"</number-of-prb>" -> <number-of-prb>106</number-of-prb>
A76: </number-of-prb-per-scs>
A77: <ul-fft-sampling-offsets>
A78: =" <scs>"&'Control-Sheet'!$D37&"</scs>" -> <scs>KHZ_15</scs>
A79: =" <ul-fft-sampling-offset>"&'Control-Sheet'!$F37&"</ul-fft-sampling-offset>" -> <ul-fft-sampling-offset>0</ul-fft-sampling-offset>
A80: </ul-fft-sampling-offsets>
A81: <e-axcid>
A82: <o-du-port-bitmask>49152</o-du-port-bitmask>
A83: <band-sector-bitmask>12288</band-sector-bitmask>
A84: <ccid-bitmask>3840</ccid-bitmask>
A85: <ru-port-bitmask>255</ru-port-bitmask>
A86: =" <eaxc-id>"&'Control-Sheet'!$G37&"</eaxc-id>" -> <eaxc-id>19</eaxc-id>
A87: </e-axcid>
A88: </low-level-rx-endpoints>
A89: <rx-array-carriers>
A90: =" <name>"&'Control-Sheet'!$N37&"</name>" -> <name>rac_0_0_1_1</name>
A91: <absolute-frequency-center>0</absolute-frequency-center>
A92: =" <center-of-channel-bandwidth>"&'Control-Sheet'!$O37*10^6&"</center-of-channel-bandwidth>" -> <center-of-channel-bandwidth>3445000000</center-of-channel-bandwidth>
A93: =" <channel-bandwidth>"&'Control-Sheet'!$P37*10^6&"</channel-bandwidth>" -> <channel-bandwidth>10000000</channel-bandwidth>
A94: <active>INACTIVE</active>
A95: =" <type>"&'Control-Sheet'!$Q37&"</type>" -> <type>NR</type>
A96: =" <n-ta-offset>"&'Control-Sheet'!$R37&"</n-ta-offset>" -> <n-ta-offset>25600</n-ta-offset>
A97: =IF('Control-Sheet'!S37="", "", " <t-au-offset>" & 'Control-Sheet'!S37 & "</t-au-offset>")
A98: <gain-correction>0</gain-correction>
A99: <downlink-radio-frame-offset>0</downlink-radio-frame-offset>
A100: <downlink-sfn-offset>0</downlink-sfn-offset>
A101: </rx-array-carriers>
...

Sheet PRACH
A1: <?xml version="1.0" encoding="UTF-8"?>
A2: <rpc xmlns="urn:ietf:params:xml:ns:netconf:base:1.0" message-id="1">
A3: <edit-config>
A4: <target>
A5: <running/>
A6: </target>
A7: <default-operation>merge</default-operation>
A8: <config>
A9: <user-plane-configuration xmlns="urn:o-ran:uplane-conf:1.0">
A11: =_xlfn.IFS('Control-Sheet'!$A$23="OFF", 'Control-Sheet'!$K$5, TRUE, "")
A12: <low-level-rx-endpoints>
A13: =" <name>"&'Control-Sheet'!$C49&"</name>" -> <name>llre_0_0_0_1_1_0</name>
A14: <compression>
A15: <compression-type>STATIC</compression-type>
A16: =_xlfn.IFS('Control-Sheet'!M49="exponent", 'Control-Sheet'!$G$5, 'Control-Sheet'!M49="BFP", 'Control-Sheet'!$G$6, TRUE, "")
A17: =" <iq-bitwidth>"&'Control-Sheet'!L49&"</iq-bitwidth>" -> <iq-bitwidth>16</iq-bitwidth>
A18: </compression>
A19: <frame-structure>160</frame-structure>
A20: <cp-type>NORMAL</cp-type>
A21: <cp-length>160</cp-length>
A22: <cp-length-other>144</cp-length-other>
A23: <offset-to-absolute-frequency-center>0</offset-to-absolute-frequency-center>
A24: <number-of-prb-per-scs>
A25: =" <scs>"&'Control-Sheet'!$D49&"</scs>" -> <scs>KHZ_15</scs>
A26: =" <number-of-prb>"&'Control-Sheet'!$E49&"</number-of-prb>" -> <number-of-prb></number-of-prb>
A27: </number-of-prb-per-scs>
A28: <ul-fft-sampling-offsets>
A29: =" <scs>"&'Control-Sheet'!$D49&"</scs>" -> <scs>KHZ_15</scs>
A30: =" <ul-fft-sampling-offset>"&'Control-Sheet'!$F49&"</ul-fft-sampling-offset>" -> <ul-fft-sampling-offset>0</ul-fft-sampling-offset>
A31: </ul-fft-sampling-offsets>
A32: <e-axcid>
A33: <o-du-port-bitmask>49152</o-du-port-bitmask>
A34: <band-sector-bitmask>12288</band-sector-bitmask>
A35: <ccid-bitmask>3840</ccid-bitmask>
A36: <ru-port-bitmask>255</ru-port-bitmask>
A37: =" <eaxc-id>"&'Control-Sheet'!$G49&"</eaxc-id>" -> <eaxc-id>34</eaxc-id>
A38: </e-axcid>
A39: </low-level-rx-endpoints>
A40: <low-level-rx-links>
A41: =" <name>"&'Control-Sheet'!$H49&"</name>" -> <name>llre_0_0_0_1_1_0</name>
A42: =" <processing-element>"&'Control-Sheet'!$I49&"</processing-element>" -> <processing-element>ru-pe.0</processing-element>
A43: =" <rx-array-carrier>"&'Control-Sheet'!$J49&"</rx-array-carrier>" -> <rx-array-carrier>rac_0_0_0_1</rx-array-carrier>
A44: =" <low-level-rx-endpoint>"&'Control-Sheet'!$K49&"</low-level-rx-endpoint>" -> <low-level-rx-endpoint>llre_0_0_0_1_1_0</low-level-rx-endpoint>
A45: </low-level-rx-links>
A46: =_xlfn.IFS('Control-Sheet'!$A$23="OFF", 'Control-Sheet'!$K$6, TRUE, "")
A47: =_xlfn.IFS('Control-Sheet'!$A$24="OFF", 'Control-Sheet'!$K$5, TRUE, "")
A48: <low-level-rx-endpoints>
A49: =" <name>"&'Control-Sheet'!$C50&"</name>" -> <name>llre_0_0_1_1_1_0</name>
A50: <compression>
A51: <compression-type>STATIC</compression-type>
A52: =_xlfn.IFS('Control-Sheet'!M50="exponent", 'Control-Sheet'!$G$5, 'Control-Sheet'!M50="BFP", 'Control-Sheet'!$G$6, TRUE, "")
A53: =" <iq-bitwidth>"&'Control-Sheet'!L50&"</iq-bitwidth>" -> <iq-bitwidth>16</iq-bitwidth>
A54: </compression>
A55: <frame-structure>160</frame-structure>
A56: <cp-type>NORMAL</cp-type>
A57: <cp-length>160</cp-length>
A58: <cp-length-other>144</cp-length-other>
A59: <offset-to-absolute-frequency-center>0</offset-to-absolute-frequency-center>
A60: <number-of-prb-per-scs>
A61: =" <scs>"&'Control-Sheet'!$D50&"</scs>" -> <scs>KHZ_15</scs>
A62: =" <number-of-prb>"&'Control-Sheet'!$E50&"</number-of-prb>" -> <number-of-prb></number-of-prb>
A63: </number-of-prb-per-scs>
A64: <ul-fft-sampling-offsets>
A65: =" <scs>"&'Control-Sheet'!$D50&"</scs>" -> <scs>KHZ_15</scs>
A66: =" <ul-fft-sampling-offset>"&'Control-Sheet'!$F50&"</ul-fft-sampling-offset>" -> <ul-fft-sampling-offset>0</ul-fft-sampling-offset>
A67: </ul-fft-sampling-offsets>
A68: <e-axcid>
A69: <o-du-port-bitmask>49152</o-du-port-bitmask>
A70: <band-sector-bitmask>12288</band-sector-bitmask>
A71: <ccid-bitmask>3840</ccid-bitmask>
A72: <ru-port-bitmask>255</ru-port-bitmask>
A73: =" <eaxc-id>"&'Control-Sheet'!$G50&"</eaxc-id>" -> <eaxc-id>35</eaxc-id>
A74: </e-axcid>
A75: </low-level-rx-endpoints>
A76: <low-level-rx-links>
A77: =" <name>"&'Control-Sheet'!$H50&"</name>" -> <name>llre_0_0_1_1_1_0</name>
A78: =" <processing-element>"&'Control-Sheet'!$I50&"</processing-element>" -> <processing-element>ru-pe.0</processing-element>
A79: =" <rx-array-carrier>"&'Control-Sheet'!$J50&"</rx-array-carrier>" -> <rx-array-carrier>rac_0_0_1_1</rx-array-carrier>
A80: =" <low-level-rx-endpoint>"&'Control-Sheet'!$K50&"</low-level-rx-endpoint>" -> <low-level-rx-endpoint>llre_0_0_1_1_1_0</low-level-rx-endpoint>
A81: </low-level-rx-links>
A82: =_xlfn.IFS('Control-Sheet'!$A$24="OFF", 'Control-Sheet'!$K$6, TRUE, "")
A83: =_xlfn.IFS('Control-Sheet'!$A$25="OFF", 'Control-Sheet'!$K$5, TRUE, "")
A84: <low-level-rx-endpoints>
A85: =" <name>"&'Control-Sheet'!$C51&"</name>" -> <name>llre_0_0_0_2_1_0</name>
A86: <compression>
A87: <compression-type>STATIC</compression-type>
A88: =_xlfn.IFS('Control-Sheet'!M51="exponent", 'Control-Sheet'!$G$5, 'Control-Sheet'!M51="BFP", 'Control-Sheet'!$G$6, TRUE, "")
A89: =" <iq-bitwidth>"&'Control-Sheet'!L51&"</iq-bitwidth>" -> <iq-bitwidth>16</iq-bitwidth>
A90: </compression>
A91: <frame-structure>160</frame-structure>
A92: <cp-type>NORMAL</cp-type>
A93: <cp-length>160</cp-length>
A94: <cp-length-other>144</cp-length-other>
A95: <offset-to-absolute-frequency-center>0</offset-to-absolute-frequency-center>
A96: <number-of-prb-per-scs>
A97: =" <scs>"&'Control-Sheet'!$D51&"</scs>" -> <scs>KHZ_15</scs>
A98: =" <number-of-prb>"&'Control-Sheet'!$E51&"</number-of-prb>" -> <number-of-prb></number-of-prb>
A99: </number-of-prb-per-scs>
A100: <ul-fft-sampling-offsets>
A101: =" <scs>"&'Control-Sheet'!$D51&"</scs>" -> <scs>KHZ_15</scs>
...

Sheet ACTIVE
A1: <rpc message-id="30" xmlns="urn:ietf:params:xml:ns:netconf:base:1.0">
A2: <edit-config>
A3: <target>
A4: <running/>
A5: </target>
A6: <config>
A7: <user-plane-configuration xmlns="urn:o-ran:uplane-conf:1.0">
A9: =_xlfn.IFS('Control-Sheet'!$A$23="OFF", 'Control-Sheet'!$K$5, TRUE, "")
A10: <tx-array-carriers>
A11: =" <name>"&'Control-Sheet'!$K25&"</name>" -> <name>tac_0_0_0_2</name>
A12: <active>ACTIVE</active>
A13: </tx-array-carriers>
A14: =_xlfn.IFS('Control-Sheet'!$A$23="OFF", 'Control-Sheet'!$K$6, TRUE, "")
A15: =_xlfn.IFS('Control-Sheet'!$A$24="OFF", 'Control-Sheet'!$K$5, TRUE, "")
A16: <tx-array-carriers>
A17: =" <name>"&'Control-Sheet'!$K25&"</name>" -> <name>tac_0_0_0_2</name>
A18: <active>ACTIVE</active>
A19: </tx-array-carriers>
A20: =_xlfn.IFS('Control-Sheet'!$A$24="OFF", 'Control-Sheet'!$K$6, TRUE, "")
A21: =_xlfn.IFS('Control-Sheet'!$A$25="OFF", 'Control-Sheet'!$K$5, TRUE, "")
A22: <tx-array-carriers>
A23: =" <name>"&'Control-Sheet'!$K25&"</name>" -> <name>tac_0_0_0_2</name>
A24: <active>ACTIVE</active>
A25: </tx-array-carriers>
A26: =_xlfn.IFS('Control-Sheet'!$A$25="OFF", 'Control-Sheet'!$K$6, TRUE, "")
A27: =_xlfn.IFS('Control-Sheet'!$A$26="OFF", 'Control-Sheet'!$K$5, TRUE, "")
A28: <tx-array-carriers>
A29: =" <name>"&'Control-Sheet'!$K26&"</name>" -> <name>tac_0_0_1_2</name>
A30: <active>ACTIVE</active>
A31: </tx-array-carriers>
A32: =_xlfn.IFS('Control-Sheet'!$A$26="OFF", 'Control-Sheet'!$K$6, TRUE, "")
A33: =_xlfn.IFS('Control-Sheet'!$A$27="OFF", 'Control-Sheet'!$K$5, TRUE, "")
A34: <tx-array-carriers>
A35: =" <name>"&'Control-Sheet'!$K27&"</name>" -> <name>tac_0_0_0_3</name>
A36: <active>ACTIVE</active>
A37: </tx-array-carriers>
A38: =_xlfn.IFS('Control-Sheet'!$A$27="OFF", 'Control-Sheet'!$K$6, TRUE, "")
A39: =_xlfn.IFS('Control-Sheet'!$A$28="OFF", 'Control-Sheet'!$K$5, TRUE, "")
A40: <tx-array-carriers>
A41: =" <name>"&'Control-Sheet'!$K28&"</name>" -> <name>tac_0_0_1_3</name>
A42: <active>ACTIVE</active>
A43: </tx-array-carriers>
A44: =_xlfn.IFS('Control-Sheet'!$A$28="OFF", 'Control-Sheet'!$K$6, TRUE, "")
A45: =_xlfn.IFS('Control-Sheet'!$A$29="OFF", 'Control-Sheet'!$K$5, TRUE, "")
A46: <tx-array-carriers>
A47: =" <name>"&'Control-Sheet'!$K29&"</name>" -> <name>tac_0_0_0_4</name>
A48: <active>ACTIVE</active>
A49: </tx-array-carriers>
A50: =_xlfn.IFS('Control-Sheet'!$A$29="OFF", 'Control-Sheet'!$K$6, TRUE, "")
A51: =_xlfn.IFS('Control-Sheet'!$A$30="OFF", 'Control-Sheet'!$K$5, TRUE, "")
A52: <tx-array-carriers>
A53: =" <name>"&'Control-Sheet'!$K30&"</name>" -> <name>tac_0_0_1_4</name>
A54: <active>ACTIVE</active>
A55: </tx-array-carriers>
A56: =_xlfn.IFS('Control-Sheet'!$A$30="OFF", 'Control-Sheet'!$K$6, TRUE, "")
A57: =_xlfn.IFS('Control-Sheet'!$A$23="OFF", 'Control-Sheet'!$K$5, TRUE, "")
A58: <rx-array-carriers>
A59: =" <name>"&'Control-Sheet'!$N36&"</name>" -> <name>rac_0_0_0_1</name>
A60: <active>ACTIVE</active>
A61: </rx-array-carriers>
A62: =_xlfn.IFS('Control-Sheet'!$A$23="OFF", 'Control-Sheet'!$K$6, TRUE, "")
A63: =_xlfn.IFS('Control-Sheet'!$A$24="OFF", 'Control-Sheet'!$K$5, TRUE, "")
A64: <rx-array-carriers>
A65: =" <name>"&'Control-Sheet'!$N37&"</name>" -> <name>rac_0_0_1_1</name>
A66: <active>ACTIVE</active>
A67: </rx-array-carriers>
A68: =_xlfn.IFS('Control-Sheet'!$A$24="OFF", 'Control-Sheet'!$K$6, TRUE, "")
A69: =_xlfn.IFS('Control-Sheet'!$A$25="OFF", 'Control-Sheet'!$K$5, TRUE, "")
A70: <rx-array-carriers>
A71: =" <name>"&'Control-Sheet'!$N38&"</name>" -> <name>rac_0_0_0_2</name>
A72: <active>ACTIVE</active>
A73: </rx-array-carriers>
A74: =_xlfn.IFS('Control-Sheet'!$A$25="OFF", 'Control-Sheet'!$K$6, TRUE, "")
A75: =_xlfn.IFS('Control-Sheet'!$A$26="OFF", 'Control-Sheet'!$K$5, TRUE, "")
A76: <rx-array-carriers>
A77: =" <name>"&'Control-Sheet'!$N39&"</name>" -> <name>rac_0_0_1_2</name>
A78: <active>ACTIVE</active>
A79: </rx-array-carriers>
A80: =_xlfn.IFS('Control-Sheet'!$A$26="OFF", 'Control-Sheet'!$K$6, TRUE, "")
A81: =_xlfn.IFS('Control-Sheet'!$A$27="OFF", 'Control-Sheet'!$K$5, TRUE, "")
A82: <rx-array-carriers>
A83: =" <name>"&'Control-Sheet'!$N40&"</name>" -> <name>rac_0_0_0_3</name>
A84: <active>ACTIVE</active>
A85: </rx-array-carriers>
A86: =_xlfn.IFS('Control-Sheet'!$A$27="OFF", 'Control-Sheet'!$K$6, TRUE, "")
A87: =_xlfn.IFS('Control-Sheet'!$A$28="OFF", 'Control-Sheet'!$K$5, TRUE, "")
A88: <rx-array-carriers>
A89: =" <name>"&'Control-Sheet'!$N41&"</name>" -> <name>rac_0_0_1_3</name>
A90: <active>ACTIVE</active>
A91: </rx-array-carriers>
A92: =_xlfn.IFS('Control-Sheet'!$A$28="OFF", 'Control-Sheet'!$K$6, TRUE, "")
A93: =_xlfn.IFS('Control-Sheet'!$A$29="OFF", 'Control-Sheet'!$K$5, TRUE, "")
A94: <rx-array-carriers>
A95: =" <name>"&'Control-Sheet'!$N42&"</name>" -> <name>rac_0_0_0_4</name>
A96: <active>ACTIVE</active>
A97: </rx-array-carriers>
A98: =_xlfn.IFS('Control-Sheet'!$A$29="OFF", 'Control-Sheet'!$K$6, TRUE, "")
A99: =_xlfn.IFS('Control-Sheet'!$A$30="OFF", 'Control-Sheet'!$K$5, TRUE, "")
A100: <rx-array-carriers>
A101: =" <name>"&'Control-Sheet'!$N43&"</name>" -> <name>rac_0_0_1_4</name>
...
